# Font index: family,style,filename,designSize
# Loaded by fontcache at runtime to resolve logical font names to files.
# Family and style values must match constants in shared/font/font.go.
# designSize: 0=scalable (single outline), N=optical master for Npt.
Ahem,Regular,Ahem.ttf,0
AtkinsonHyperlegible,Regular,AtkinsonHyperlegible-Regular.ttf,0
AtkinsonHyperlegible,Bold,AtkinsonHyperlegible-Bold.ttf,0
AtkinsonHyperlegible,Italic,AtkinsonHyperlegible-Italic.ttf,0
AtkinsonHyperlegible,BoldItalic,AtkinsonHyperlegible-BoldItalic.ttf,0
AtkinsonHyperlegibleMono,Regular,AtkinsonHyperlegibleMono-Regular.otf,0
AtkinsonHyperlegibleMono,Bold,AtkinsonHyperlegibleMono-Bold.otf,0
AtkinsonHyperlegibleMono,Italic,AtkinsonHyperlegibleMono-RegularItalic.otf,0
AtkinsonHyperlegibleMono,BoldItalic,AtkinsonHyperlegibleMono-BoldItalic.otf,0
AtkinsonHyperlegibleMono,Light,AtkinsonHyperlegibleMono-Light.otf,0
AtkinsonHyperlegibleMono,LightItalic,AtkinsonHyperlegibleMono-LightItalic.otf,0
AtkinsonHyperlegibleMono,Medium,AtkinsonHyperlegibleMono-Medium.otf,0
AtkinsonHyperlegibleMono,MediumItalic,AtkinsonHyperlegibleMono-MediumItalic.otf,0
AtkinsonHyperlegibleMono,SemiBold,AtkinsonHyperlegibleMono-SemiBold.otf,0
AtkinsonHyperlegibleMono,SemiBoldItalic,AtkinsonHyperlegibleMono-SemiBoldItalic.otf,0
AtkinsonHyperlegibleMono,ExtraBold,AtkinsonHyperlegibleMono-ExtraBold.otf,0
AtkinsonHyperlegibleMono,ExtraBoldItalic,AtkinsonHyperlegibleMono-ExtraBoldItalic.otf,0
AtkinsonHyperlegibleMono,ExtraLight,AtkinsonHyperlegibleMono-ExtraLight.otf,0
AtkinsonHyperlegibleMono,ExtraLightItalic,AtkinsonHyperlegibleMono-ExtraLightItalic.otf,0
LiberationMono,Regular,LiberationMono-Regular.ttf,0
LiberationMono,Bold,LiberationMono-Bold.ttf,0
LiberationMono,Italic,LiberationMono-Italic.ttf,0
LiberationMono,BoldItalic,LiberationMono-BoldItalic.ttf,0
LiberationSans,Regular,LiberationSans-Regular.ttf,0
LiberationSans,Bold,LiberationSans-Bold.ttf,0
LiberationSans,Italic,LiberationSans-Italic.ttf,0
LiberationSans,BoldItalic,LiberationSans-BoldItalic.ttf,0
LiberationSerif,Regular,LiberationSerif-Regular.ttf,0
LiberationSerif,Bold,LiberationSerif-Bold.ttf,0
LiberationSerif,Italic,LiberationSerif-Italic.ttf,0
LiberationSerif,BoldItalic,LiberationSerif-BoldItalic.ttf,0
NotoSerif,Regular,NotoSerif-Regular.ttf,0
NotoSerif,Bold,NotoSerif-Bold.ttf,0
NotoSerif,Italic,NotoSerif-Italic.ttf,0
NotoSerif,BoldItalic,NotoSerif-BoldItalic.ttf,0
NotoSerif,Light,NotoSerif-Light.ttf,0
NotoSerif,LightItalic,NotoSerif-LightItalic.ttf,0
NotoSerif,Medium,NotoSerif-Medium.ttf,0
NotoSerif,MediumItalic,NotoSerif-MediumItalic.ttf,0
NotoSerif,SemiBold,NotoSerif-SemiBold.ttf,0
NotoSerif,SemiBoldItalic,NotoSerif-SemiBoldItalic.ttf,0
NotoSerif,ExtraBold,NotoSerif-ExtraBold.ttf,0
NotoSerif,ExtraBoldItalic,NotoSerif-ExtraBoldItalic.ttf,0
NotoSerif,ExtraLight,NotoSerif-ExtraLight.ttf,0
NotoSerif,ExtraLightItalic,NotoSerif-ExtraLightItalic.ttf,0
NotoSerif,Thin,NotoSerif-Thin.ttf,0
NotoSerif,ThinItalic,NotoSerif-ThinItalic.ttf,0
NotoSerif,Black,NotoSerif-Black.ttf,0
NotoSerif,BlackItalic,NotoSerif-BlackItalic.ttf,0
NotoSerifCondensed,Regular,NotoSerif_Condensed-Regular.ttf,0
NotoSerifCondensed,Bold,NotoSerif_Condensed-Bold.ttf,0
NotoSerifCondensed,Italic,NotoSerif_Condensed-Italic.ttf,0
NotoSerifCondensed,BoldItalic,NotoSerif_Condensed-BoldItalic.ttf,0
NotoSerifCondensed,Light,NotoSerif_Condensed-Light.ttf,0
NotoSerifCondensed,LightItalic,NotoSerif_Condensed-LightItalic.ttf,0
NotoSerifCondensed,Medium,NotoSerif_Condensed-Medium.ttf,0
NotoSerifCondensed,MediumItalic,NotoSerif_Condensed-MediumItalic.ttf,0
NotoSerifCondensed,SemiBold,NotoSerif_Condensed-SemiBold.ttf,0
NotoSerifCondensed,SemiBoldItalic,NotoSerif_Condensed-SemiBoldItalic.ttf,0
NotoSerifCondensed,ExtraBold,NotoSerif_Condensed-ExtraBold.ttf,0
NotoSerifCondensed,ExtraBoldItalic,NotoSerif_Condensed-ExtraBoldItalic.ttf,0
NotoSerifCondensed,ExtraLight,NotoSerif_Condensed-ExtraLight.ttf,0
NotoSerifCondensed,ExtraLightItalic,NotoSerif_Condensed-ExtraLightItalic.ttf,0
NotoSerifCondensed,Thin,NotoSerif_Condensed-Thin.ttf,0
NotoSerifCondensed,ThinItalic,NotoSerif_Condensed-ThinItalic.ttf,0
NotoSerifCondensed,Black,NotoSerif_Condensed-Black.ttf,0
NotoSerifCondensed,BlackItalic,NotoSerif_Condensed-BlackItalic.ttf,0
NotoSerifExtraCondensed,Regular,NotoSerif_ExtraCondensed-Regular.ttf,0
NotoSerifExtraCondensed,Bold,NotoSerif_ExtraCondensed-Bold.ttf,0
NotoSerifExtraCondensed,Italic,NotoSerif_ExtraCondensed-Italic.ttf,0
NotoSerifExtraCondensed,BoldItalic,NotoSerif_ExtraCondensed-BoldItalic.ttf,0
NotoSerifExtraCondensed,Light,NotoSerif_ExtraCondensed-Light.ttf,0
NotoSerifExtraCondensed,LightItalic,NotoSerif_ExtraCondensed-LightItalic.ttf,0
NotoSerifExtraCondensed,Medium,NotoSerif_ExtraCondensed-Medium.ttf,0
NotoSerifExtraCondensed,MediumItalic,NotoSerif_ExtraCondensed-MediumItalic.ttf,0
NotoSerifExtraCondensed,SemiBold,NotoSerif_ExtraCondensed-SemiBold.ttf,0
NotoSerifExtraCondensed,SemiBoldItalic,NotoSerif_ExtraCondensed-SemiBoldItalic.ttf,0
NotoSerifExtraCondensed,ExtraBold,NotoSerif_ExtraCondensed-ExtraBold.ttf,0
NotoSerifExtraCondensed,ExtraBoldItalic,NotoSerif_ExtraCondensed-ExtraBoldItalic.ttf,0
NotoSerifExtraCondensed,ExtraLight,NotoSerif_ExtraCondensed-ExtraLight.ttf,0
NotoSerifExtraCondensed,ExtraLightItalic,NotoSerif_ExtraCondensed-ExtraLightItalic.ttf,0
NotoSerifExtraCondensed,Thin,NotoSerif_ExtraCondensed-Thin.ttf,0
NotoSerifExtraCondensed,ThinItalic,NotoSerif_ExtraCondensed-ThinItalic.ttf,0
NotoSerifExtraCondensed,Black,NotoSerif_ExtraCondensed-Black.ttf,0
NotoSerifExtraCondensed,BlackItalic,NotoSerif_ExtraCondensed-BlackItalic.ttf,0
NotoSerifSemiCondensed,Regular,NotoSerif_SemiCondensed-Regular.ttf,0
NotoSerifSemiCondensed,Bold,NotoSerif_SemiCondensed-Bold.ttf,0
NotoSerifSemiCondensed,Italic,NotoSerif_SemiCondensed-Italic.ttf,0
NotoSerifSemiCondensed,BoldItalic,NotoSerif_SemiCondensed-BoldItalic.ttf,0
NotoSerifSemiCondensed,Light,NotoSerif_SemiCondensed-Light.ttf,0
NotoSerifSemiCondensed,LightItalic,NotoSerif_SemiCondensed-LightItalic.ttf,0
NotoSerifSemiCondensed,Medium,NotoSerif_SemiCondensed-Medium.ttf,0
NotoSerifSemiCondensed,MediumItalic,NotoSerif_SemiCondensed-MediumItalic.ttf,0
NotoSerifSemiCondensed,SemiBold,NotoSerif_SemiCondensed-SemiBold.ttf,0
NotoSerifSemiCondensed,SemiBoldItalic,NotoSerif_SemiCondensed-SemiBoldItalic.ttf,0
NotoSerifSemiCondensed,ExtraBold,NotoSerif_SemiCondensed-ExtraBold.ttf,0
NotoSerifSemiCondensed,ExtraBoldItalic,NotoSerif_SemiCondensed-ExtraBoldItalic.ttf,0
NotoSerifSemiCondensed,ExtraLight,NotoSerif_SemiCondensed-ExtraLight.ttf,0
NotoSerifSemiCondensed,ExtraLightItalic,NotoSerif_SemiCondensed-ExtraLightItalic.ttf,0
NotoSerifSemiCondensed,Thin,NotoSerif_SemiCondensed-Thin.ttf,0
NotoSerifSemiCondensed,ThinItalic,NotoSerif_SemiCondensed-ThinItalic.ttf,0
NotoSerifSemiCondensed,Black,NotoSerif_SemiCondensed-Black.ttf,0
NotoSerifSemiCondensed,BlackItalic,NotoSerif_SemiCondensed-BlackItalic.ttf,0
CrimsonPro,Regular,CrimsonPro-Regular.ttf,0
CrimsonPro,Bold,CrimsonPro-Bold.ttf,0
CrimsonPro,Italic,CrimsonPro-Italic.ttf,0
CrimsonPro,BoldItalic,CrimsonPro-BoldItalic.ttf,0
CrimsonPro,Light,CrimsonPro-Light.ttf,0
CrimsonPro,LightItalic,CrimsonPro-LightItalic.ttf,0
CrimsonPro,Medium,CrimsonPro-Medium.ttf,0
CrimsonPro,MediumItalic,CrimsonPro-MediumItalic.ttf,0
CrimsonPro,SemiBold,CrimsonPro-SemiBold.ttf,0
CrimsonPro,SemiBoldItalic,CrimsonPro-SemiBoldItalic.ttf,0
CrimsonPro,ExtraBold,CrimsonPro-ExtraBold.ttf,0
CrimsonPro,ExtraBoldItalic,CrimsonPro-ExtraBoldItalic.ttf,0
CrimsonPro,ExtraLight,CrimsonPro-ExtraLight.ttf,0
CrimsonPro,ExtraLightItalic,CrimsonPro-ExtraLightItalic.ttf,0
CrimsonPro,Black,CrimsonPro-Black.ttf,0
CrimsonPro,BlackItalic,CrimsonPro-BlackItalic.ttf,0
LatinModernRoman,Regular,lmroman5-regular.otf,5
LatinModernRoman,Regular,lmroman6-regular.otf,6
LatinModernRoman,Regular,lmroman7-regular.otf,7
LatinModernRoman,Regular,lmroman8-regular.otf,8
LatinModernRoman,Regular,lmroman9-regular.otf,9
LatinModernRoman,Regular,lmroman10-regular.otf,10
LatinModernRoman,Regular,lmroman12-regular.otf,12
LatinModernRoman,Regular,lmroman17-regular.otf,17
LatinModernRoman,Bold,lmroman5-bold.otf,5
LatinModernRoman,Bold,lmroman6-bold.otf,6
LatinModernRoman,Bold,lmroman7-bold.otf,7
LatinModernRoman,Bold,lmroman8-bold.otf,8
LatinModernRoman,Bold,lmroman9-bold.otf,9
LatinModernRoman,Bold,lmroman10-bold.otf,10
LatinModernRoman,Bold,lmroman12-bold.otf,12
LatinModernRoman,Italic,lmroman7-italic.otf,7
LatinModernRoman,Italic,lmroman8-italic.otf,8
LatinModernRoman,Italic,lmroman9-italic.otf,9
LatinModernRoman,Italic,lmroman10-italic.otf,10
LatinModernRoman,Italic,lmroman12-italic.otf,12
LatinModernRoman,BoldItalic,lmroman10-bolditalic.otf,10
